Metric,Teacher,Student,Difference,Relative Difference (%)
accuracy,0.982,0.944,-0.038000000000000034,-3.8696537678207776
precision,0.9819633774860635,0.9561003168301714,-0.025863060655892167,-2.633811122580203
recall,0.982,0.944,-0.038000000000000034,-3.8696537678207776
f1,0.9819800440719155,0.9466633968328884,-0.035316647239027166,-3.5964730090218353
auc_roc,0.996826918960572,0.9943610599768825,-0.0024658589836894507,-0.24737082604678176
auc_pr,0.9628805991037255,0.9475976805187097,-0.015282918585015737,-1.5872080712023358
