{
  "n_samples": 10000,
  "n_features": 13,
  "n_classes": 2,
  "class_distribution": {
    "0": 8227,
    "1": 1773
  },
  "feature_means": [
    1625319334.08,
    1640643972.48,
    177.3685,
    35.22056236689877,
    30.20074202902199,
    17.899514877403284,
    16.447,
    6.151324953604446,
    42.907522845657894,
    40.93247523203171,
    1.9750476136261816,
    2.5848,
    31.007290027814555
  ],
  "feature_stds": [
    27372277.713136382,
    29073177.018053643,
    239.03062964346222,
    243.05589054232755,
    58.30514864594314,
    30.010004573726945,
    39.837063031804945,
    16.876894209848142,
    298.3378392946531,
    295.89227698846463,
    22.940822638438856,
    4.436350860786374,
    20.568442852113716
  ]
}